best_n_clusters,validation_accuracy,test_accuracy,test_f1_score
100,0.8508676461696596,0.8485816496195898,0.768659933489346
